codon,tWeight
TTT,0.188
TTC,0.222
TTA,0.111
TTG,0.111
TCT,0.188
TCC,0.222
TCA,0.111
TCG,0.111
TAT,0.188
TAC,0.333
TGT,0.188
TGC,0.111
TGG,0.111
CTT,0.188
CTC,0.111
CTA,0.111
CTG,0.111
CCT,0.188
CCC,0.111
CCA,0.111
CCG,0.111
CAT,0.188
CAC,0.111
CAA,0.222
CAG,0.222
CGT,0.333
CGC,0.36
CGA,0.063
CGG,0.111
ATT,0.188
ATC,0.333
ATA,0.097
ATG,1
ACT,0.188
ACC,0.222
ACA,0.222
ACG,0.111
AAT,0.188
AAC,0.444
AAA,0.667
AAG,0.188
AGT,0.188
AGC,0.111
AGA,0.222
AGG,0.111
GTT,0.188
GTC,0.222
GTA,0.556
GTG,0.188
GCT,0.188
GCC,0.222
GCA,0.333
GCG,0.188
GAT,0.188
GAC,0.333
GAA,0.444
GAG,0.188
GGT,0.188
GGC,0.444
GGA,0.222
GGG,0.111
